{
    "min_lambda": 0.842563387406114,
    "max_lambda": 0.9880344264578784,
    "n_minutes_input": 120
}