{
    "min_lambda": 0.8723558178490678,
    "max_lambda": 0.9824504055354002,
    "n_minutes_input": 120
}